"","player","url","mv","citizenship","position","foot","current_club","youth_club","youth_club_country"
"1","Erling Haaland","https://www.transfermarkt.com/erling-haaland/profil/spieler/418560","€200.00m","Norway","Attack - Centre-Forward","left","Manchester City","Bryne FK Yth.","Norway"
"2","Vinicius Junior","https://www.transfermarkt.com/vinicius-junior/profil/spieler/371998","€200.00m","Brazil","Attack - Left Winger","right","Real Madrid","Flamengo U20","Brazil"
"3","Jude Bellingham","https://www.transfermarkt.com/jude-bellingham/profil/spieler/581678","€180.00m","England","Midfield - Attacking Midfield","right","Real Madrid","Birmingham U18","England"
"4","Kylian Mbappé","https://www.transfermarkt.com/kylian-mbappe/profil/spieler/342229","€180.00m","France","Attack - Centre-Forward","right","Real Madrid","AS Bondy Yth.","France"
"5","Lamine Yamal","https://www.transfermarkt.com/lamine-yamal/profil/spieler/937958","€150.00m","Spain","Attack - Right Winger","left","FC Barcelona","Barça Youth","Spain"
"6","Bukayo Saka","https://www.transfermarkt.com/bukayo-saka/profil/spieler/433177","€150.00m","England","Attack - Right Winger","left","Arsenal FC","Watford Yth.","England"
"7","Florian Wirtz","https://www.transfermarkt.com/florian-wirtz/profil/spieler/598577","€140.00m","Germany","Midfield - Attacking Midfield","right","Bayer 04 Leverkusen","Brauweiler Yth.","Germany"
"8","Jamal Musiala","https://www.transfermarkt.com/jamal-musiala/profil/spieler/580195","€140.00m","Germany","Midfield - Attacking Midfield","right","Bayern Munich","TSV Lehnerz Jgd.","Germany"
"9","Phil Foden","https://www.transfermarkt.com/phil-foden/profil/spieler/406635","€140.00m","England","Attack - Right Winger","left","Manchester City","Man City Youth","England"
"10","Cole Palmer","https://www.transfermarkt.com/cole-palmer/profil/spieler/568177","€130.00m","England","Midfield - Attacking Midfield","left","Chelsea FC","Man City Youth","England"
"11","Federico Valverde","https://www.transfermarkt.com/federico-valverde/profil/spieler/369081","€130.00m","Uruguay","Midfield - Central Midfield","right","Real Madrid","CA Peñarol U19","Uruguay"
"12","Rodri","https://www.transfermarkt.com/rodri/profil/spieler/357565","€130.00m","Spain","Midfield - Defensive Midfield","right","Manchester City","CF Rayo Majadaho","Spain"
"13","Rodrygo","https://www.transfermarkt.com/rodrygo/profil/spieler/412363","€110.00m","Brazil","Attack - Right Winger","right","Real Madrid","Santos U20","Brazil"
"14","Declan Rice","https://www.transfermarkt.com/declan-rice/profil/spieler/357662","€110.00m","England","Midfield - Central Midfield","right","Arsenal FC","Chelsea Youth","England"
"15","Martin Ødegaard","https://www.transfermarkt.com/martin-odegaard/profil/spieler/316264","€110.00m","Norway","Midfield - Attacking Midfield","left","Arsenal FC","Godset Yth.","Norway"
"16","Eduardo Camavinga","https://www.transfermarkt.com/eduardo-camavinga/profil/spieler/640428","€100.00m","France","Midfield - Central Midfield","left","Real Madrid","Rennes Jugend","France"
"17","Aurélien Tchouaméni","https://www.transfermarkt.com/aurelien-tchouameni/profil/spieler/413112","€100.00m","France","Midfield - Defensive Midfield","right","Real Madrid","FC Girondins Bo","France"
"18","Lautaro Martínez","https://www.transfermarkt.com/lautaro-martinez/profil/spieler/406625","€100.00m","Argentina","Attack - Centre-Forward","right","Inter Milan","Liniers","Argentina"
"19","Gavi","https://www.transfermarkt.com/gavi/profil/spieler/646740","€90.00m","Spain","Midfield - Central Midfield","right","FC Barcelona","Real Betis Yth.","Spain"
"20","Harry Kane","https://www.transfermarkt.com/harry-kane/profil/spieler/132098","€90.00m","England","Attack - Centre-Forward","right","Bayern Munich","Rovers FC Youth","England"
"21","Khvicha Kvaratskhelia","https://www.transfermarkt.com/khvicha-kvaratskhelia/profil/spieler/502670","€85.00m","Georgia","Attack - Left Winger","both","SSC Napoli","Dinamo Academy","Georgia"
"22","Luis Díaz","https://www.transfermarkt.com/luis-diaz/profil/spieler/480692","€85.00m","Colombia","Attack - Left Winger","right","Liverpool FC","B/quilla FC U20","Colombia"
"23","Moisés Caicedo","https://www.transfermarkt.com/moises-caicedo/profil/spieler/687626","€80.00m","Ecuador","Midfield - Defensive Midfield","right","Chelsea FC","IDV U20","Ecuador"
"24","Pedri","https://www.transfermarkt.com/pedri/profil/spieler/683840","€80.00m","Spain","Midfield - Central Midfield","right","FC Barcelona","J.Laguna Yth.","Spain"
"25","Xavi Simons","https://www.transfermarkt.com/xavi-simons/profil/spieler/566931","€80.00m","Netherlands","Midfield - Attacking Midfield","right","RB Leipzig","Tháder Youth","Spain"
"26","Alexis Mac Allister","https://www.transfermarkt.com/alexis-mac-allister/profil/spieler/534033","€80.00m","Argentina","Midfield - Central Midfield","right","Liverpool FC","Argentinos U20","Argentina"
"27","Bruno Guimarães","https://www.transfermarkt.com/bruno-guimaraes/profil/spieler/520624","€80.00m","Brazil","Midfield - Defensive Midfield","right","Newcastle United","GO Audax","Brazil"
"28","William Saliba","https://www.transfermarkt.com/william-saliba/profil/spieler/495666","€80.00m","France","Defender - Centre-Back","right","Arsenal FC","AS Bondy Yth.","France"
"29","Nicolò Barella","https://www.transfermarkt.com/nicolo-barella/profil/spieler/255942","€80.00m","Italy","Midfield - Central Midfield","right","Inter Milan","Cagliari Youth","Italy"
"30","Enzo Fernández","https://www.transfermarkt.com/enzo-fernandez/profil/spieler/648195","€75.00m","Argentina","Midfield - Central Midfield","right","Chelsea FC","River Plate U20","Argentina"
"31","Julián Alvarez","https://www.transfermarkt.com/julian-alvarez/profil/spieler/576024","€75.00m","Argentina","Attack - Centre-Forward","right","Atlético de Madrid","CA Atalaya","Argentina"
"32","Josko Gvardiol","https://www.transfermarkt.com/josko-gvardiol/profil/spieler/475959","€75.00m","Croatia","Defender - Centre-Back","left","Manchester City","NK Tresnjevka","Croatia"
"33","Dominik Szoboszlai","https://www.transfermarkt.com/dominik-szoboszlai/profil/spieler/451276","€75.00m","Hungary","Midfield - Central Midfield","right","Liverpool FC","Videoton Jgd.","Hungary"
"34","Gabriel Magalhães","https://www.transfermarkt.com/gabriel-magalhaes/profil/spieler/435338","€75.00m","Brazil","Defender - Centre-Back","left","Arsenal FC","Avaí U20","Brazil"
"35","Victor Osimhen","https://www.transfermarkt.com/victor-osimhen/profil/spieler/401923","€75.00m","Nigeria","Attack - Centre-Forward","right","Galatasaray","Ult. Strikers","Nigeria"
"36","Rafael Leão","https://www.transfermarkt.com/rafael-leao/profil/spieler/357164","€75.00m","Portugal","Attack - Left Winger","right","AC Milan","Sporting Yth.","Portugal"
"37","Alexander Isak","https://www.transfermarkt.com/alexander-isak/profil/spieler/349066","€75.00m","Sweden","Attack - Centre-Forward","right","Newcastle United","AIK U17","Sweden"
"38","Viktor Gyökeres","https://www.transfermarkt.com/viktor-gyokeres/profil/spieler/325443","€75.00m","Sweden","Attack - Centre-Forward","right","Sporting CP","IFK AT U19","Sweden"
"39","Marcus Thuram","https://www.transfermarkt.com/marcus-thuram/profil/spieler/318528","€75.00m","France","Attack - Centre-Forward","right","Inter Milan","ACBB Youth","France"
"40","Alessandro Bastoni","https://www.transfermarkt.com/alessandro-bastoni/profil/spieler/315853","€75.00m","Italy","Defender - Centre-Back","left","Inter Milan","Atalanta Youth","Italy"
"41","Trent Alexander-Arnold","https://www.transfermarkt.com/trent-alexander-arnold/profil/spieler/314353","€75.00m","England","Defender - Right-Back","right","Liverpool FC","Liverpool Youth","England"
"42","Kai Havertz","https://www.transfermarkt.com/kai-havertz/profil/spieler/309400","€75.00m","Germany","Attack - Centre-Forward","left","Arsenal FC","Mariadorf Yth.","Germany"
"43","Rúben Dias","https://www.transfermarkt.com/ruben-dias/profil/spieler/258004","€75.00m","Portugal","Defender - Centre-Back","right","Manchester City","Estrela A. F","Portugal"
"44","Nico Williams","https://www.transfermarkt.com/nico-williams/profil/spieler/709187","€70.00m","Spain","Attack - Left Winger","right","Athletic Bilbao","CA Osasuna Yout","Spain"
"45","Ronald Araujo","https://www.transfermarkt.com/ronald-araujo/profil/spieler/480267","€70.00m","Uruguay","Defender - Centre-Back","right","FC Barcelona","Rentistas U19","Uruguay"
"46","Bradley Barcola","https://www.transfermarkt.com/bradley-barcola/profil/spieler/708265","€65.00m","France","Attack - Left Winger","right","Paris Saint-Germain","Ol. Lyon Yth.","France"
"47","Michael Olise","https://www.transfermarkt.com/michael-olise/profil/spieler/566723","€65.00m","France","Attack - Right Winger","left","Bayern Munich","Arsenal Youth","England"
"48","Darwin Núñez","https://www.transfermarkt.com/darwin-nunez/profil/spieler/546543","€65.00m","Uruguay","Attack - Centre-Forward","right","Liverpool FC","Peñarol Yth.","Uruguay"
"49","Cristian Romero","https://www.transfermarkt.com/cristian-romero/profil/spieler/355915","€65.00m","Argentina","Defender - Centre-Back","right","Tottenham Hotspur","Belgrano U20","Argentina"
"50","Endrick","https://www.transfermarkt.com/endrick/profil/spieler/971570","€60.00m","Brazil","Attack - Centre-Forward","left","Real Madrid","Palmeiras U17","Brazil"
"51","Warren Zaïre-Emery","https://www.transfermarkt.com/warren-zaire-emery/profil/spieler/810092","€60.00m","France","Midfield - Central Midfield","right","Paris Saint-Germain","PSG Youth","France"
"52","João Neves","https://www.transfermarkt.com/joao-neves/profil/spieler/670681","€60.00m","Portugal","Midfield - Defensive Midfield","right","Paris Saint-Germain","Benfica Yth","Portugal"
"53","Rasmus Højlund","https://www.transfermarkt.com/rasmus-hojlund/profil/spieler/610442","€60.00m","Denmark","Attack - Centre-Forward","left","Manchester United","Hörsholm U IK","Denmark"
"54","Bremer","https://www.transfermarkt.com/bremer/profil/spieler/516716","€60.00m","Brazil","Defender - Centre-Back","right","Juventus FC","Desportivo U20","Brazil"
"55","Bremer","https://www.transfermarkt.com/bremer/profil/spieler/516716","€60.00m","Brazil","Defender - Centre-Back","right","Juventus FC","Desportivo U20","Brazil"
"56","Anthony Gordon","https://www.transfermarkt.com/anthony-gordon/profil/spieler/503733","€60.00m","England","Attack - Left Winger","right","Newcastle United","Liverpool Youth","England"
"57","Jérémy Doku","https://www.transfermarkt.com/jeremy-doku/profil/spieler/486049","€60.00m","Belgium","Attack - Left Winger","right","Manchester City","Beerschot Yth","Belgium"
"58","Omar Marmoush","https://www.transfermarkt.com/omar-marmoush/profil/spieler/445939","€60.00m","Egypt","Attack - Centre-Forward","right","Eintracht Frankfurt","Wadi Degla U21","Egypt"
"59","Cody Gakpo","https://www.transfermarkt.com/cody-gakpo/profil/spieler/434675","€60.00m","Netherlands","Attack - Left Winger","right","Liverpool FC","PSV Youth","Netherlands"
"60","Dejan Kulusevski","https://www.transfermarkt.com/dejan-kulusevski/profil/spieler/431755","€60.00m","Sweden","Midfield - Attacking Midfield","left","Tottenham Hotspur","IF Bromma U17","Sweden"
"61","Martín Zubimendi","https://www.transfermarkt.com/martin-zubimendi/profil/spieler/423440","€60.00m","Spain","Midfield - Defensive Midfield","right","Real Sociedad","Real Sociedad Y","Spain"
"62","Raphinha","https://www.transfermarkt.com/raphinha/profil/spieler/411295","€60.00m","Brazil","Attack - Left Winger","left","FC Barcelona","Avaí U20","Brazil"
"63","Éder Militão","https://www.transfermarkt.com/eder-militao/profil/spieler/401530","€60.00m","Brazil","Defender - Centre-Back","right","Real Madrid","São Paulo U17","Brazil"
"64","Achraf Hakimi","https://www.transfermarkt.com/achraf-hakimi/profil/spieler/398073","€60.00m","Morocco","Defender - Right-Back","right","Paris Saint-Germain","Real Madrid U18","Spain"
"65","Loïs Openda","https://www.transfermarkt.com/lois-openda/profil/spieler/368887","€60.00m","Belgium","Attack - Centre-Forward","right","RB Leipzig","Standard Liège","Belgium"
"66","Dušan Vlahovic","https://www.transfermarkt.com/dusan-vlahovic/profil/spieler/357498","€60.00m","Serbia","Attack - Centre-Forward","left","Juventus FC","Partizan U17","Serbia"
"67","Frenkie de Jong","https://www.transfermarkt.com/frenkie-de-jong/profil/spieler/326330","€60.00m","Netherlands","Midfield - Central Midfield","right","FC Barcelona","Willem II/RKC Y.","Netherlands"
"68","James Maddison","https://www.transfermarkt.com/james-maddison/profil/spieler/294057","€60.00m","England","Midfield - Attacking Midfield","right","Tottenham Hotspur","Coventry U18","England"
"69","Dani Olmo","https://www.transfermarkt.com/dani-olmo/profil/spieler/293385","€60.00m","Spain","Midfield - Attacking Midfield","right","FC Barcelona","Espanyol Youth","Spain"
"70","Bernardo Silva","https://www.transfermarkt.com/bernardo-silva/profil/spieler/241641","€60.00m","Portugal","Midfield - Attacking Midfield","left","Manchester City","Benfica Yth","Portugal"
"71","Federico Dimarco","https://www.transfermarkt.com/federico-dimarco/profil/spieler/198116","€60.00m","Italy","Defender - Left-Back","left","Inter Milan","Inter Youth","Italy"
"72","Leny Yoro","https://www.transfermarkt.com/leny-yoro/profil/spieler/923831","€55.00m","France","Defender - Centre-Back","right","Manchester United","LOSC Lille Yth.","France"
"73","Kobbie Mainoo","https://www.transfermarkt.com/kobbie-mainoo/profil/spieler/820374","€55.00m","England","Midfield - Central Midfield","right","Manchester United","Man Utd Youth","England"
"74","Nicolas Jackson","https://www.transfermarkt.com/nicolas-jackson/profil/spieler/776890","€55.00m","Senegal","Attack - Centre-Forward","right","Chelsea FC","Casa Sports","Senegal"
"75","Savinho","https://www.transfermarkt.com/savinho/profil/spieler/743591","€55.00m","Brazil","Attack - Right Winger","left","Manchester City","Atlético-MG U20","Brazil"
"76","Gabriel Martinelli","https://www.transfermarkt.com/gabriel-martinelli/profil/spieler/655488","€55.00m","Brazil","Attack - Left Winger","right","Arsenal FC","Ituano U20","Brazil"
"77","Nuno Mendes","https://www.transfermarkt.com/nuno-mendes/profil/spieler/616341","€55.00m","Portugal","Defender - Left-Back","left","Paris Saint-Germain","O Despertar Fo.","Portugal"
"78","Levi Colwill","https://www.transfermarkt.com/levi-colwill/profil/spieler/614258","€55.00m","England","Defender - Centre-Back","left","Chelsea FC","Chelsea Youth","England"
"79","Micky van de Ven","https://www.transfermarkt.com/micky-van-de-ven/profil/spieler/557459","€55.00m","Netherlands","Defender - Centre-Back","left","Tottenham Hotspur","WSV '30 Yth.","Netherlands"
"80","Vitinha","https://www.transfermarkt.com/vitinha/profil/spieler/487469","€55.00m","Portugal","Midfield - Central Midfield","right","Paris Saint-Germain","FC Porto Youth","Portugal"
"81","Pedro Neto","https://www.transfermarkt.com/pedro-neto/profil/spieler/487465","€55.00m","Portugal","Attack - Right Winger","left","Chelsea FC","Vianense For.","Portugal"
"82","Amadou Onana","https://www.transfermarkt.com/amadou-onana/profil/spieler/485706","€55.00m","Belgium","Midfield - Defensive Midfield","right","Aston Villa","Zulte W. Youth","Belgium"
"83","Eberechi Eze","https://www.transfermarkt.com/eberechi-eze/profil/spieler/479999","€55.00m","England","Midfield - Attacking Midfield","right","Crystal Palace","Millwall U18","England"
"84","Ryan Gravenberch","https://www.transfermarkt.com/ryan-gravenberch/profil/spieler/478573","€55.00m","Netherlands","Midfield - Defensive Midfield","right","Liverpool FC","Zeeburgia Yth.","Netherlands"
"85","Jules Koundé","https://www.transfermarkt.com/jules-kounde/profil/spieler/411975","€55.00m","France","Defender - Right-Back","right","FC Barcelona","Bordeaux U19","France"
"86","Ademola Lookman","https://www.transfermarkt.com/ademola-lookman/profil/spieler/406040","€55.00m","Nigeria","Attack - Second Striker","right","Atalanta BC","Charlton U18","England"
"87","Ben White","https://www.transfermarkt.com/ben-white/profil/spieler/335721","€55.00m","England","Defender - Right-Back","right","Arsenal FC","Southampton Aca","England"
"88","Ollie Watkins","https://www.transfermarkt.com/ollie-watkins/profil/spieler/324358","€55.00m","England","Attack - Centre-Forward","right","Aston Villa","Exeter U18","England"
"89","Ousmane Dembélé","https://www.transfermarkt.com/ousmane-dembele/profil/spieler/288230","€55.00m","France","Attack - Right Winger","both","Paris Saint-Germain","Évreux Jugend","Spain"
"90","Marcus Rashford","https://www.transfermarkt.com/marcus-rashford/profil/spieler/258923","€55.00m","England","Attack - Left Winger","right","Manchester United","Man Utd U18","England"
"91","Bruno Fernandes","https://www.transfermarkt.com/bruno-fernandes/profil/spieler/240306","€55.00m","Portugal","Midfield - Attacking Midfield","right","Manchester United","Infesta For.","Portugal"
"92","Mohamed Salah","https://www.transfermarkt.com/mohamed-salah/profil/spieler/148455","€55.00m","Egypt","Attack - Right Winger","left","Liverpool FC","Mokawloon U23","Egypt"
"93","Estêvão","https://www.transfermarkt.com/estevao/profil/spieler/1056993","€50.00m","Brazil","Attack - Right Winger","left","Sociedade Esportiva Palmeiras","Cruzeiro U17","Brazil"
"94","Murillo","https://www.transfermarkt.com/murillo/profil/spieler/1005649","€50.00m","Brazil","Defender - Centre-Back","left","Nottingham Forest","Corinthians U20","Brazil"
"95","Samu Aghehowa","https://www.transfermarkt.com/samu-aghehowa/profil/spieler/991268","€50.00m","Spain","Attack - Centre-Forward","right","FC Porto","Nervión U19","Spain"
"96","Alejandro Garnacho","https://www.transfermarkt.com/alejandro-garnacho/profil/spieler/811779","€50.00m","Argentina","Attack - Left Winger","right","Manchester United","Atlético Yth.","Spain"
"97","Aleksandar Pavlovic","https://www.transfermarkt.com/aleksandar-pavlovic/profil/spieler/792380","€50.00m","Germany","Midfield - Defensive Midfield","both","Bayern Munich","Fürstenf. Yth.","Germany"
"98","Jamie Gittens","https://www.transfermarkt.com/jamie-gittens/profil/spieler/670882","€50.00m","England","Attack - Left Winger","right","Borussia Dortmund","Reading Yth.","England"
"99","Fermín López","https://www.transfermarkt.com/fermin-lopez/profil/spieler/636703","€50.00m","Spain","Midfield - Central Midfield","right","FC Barcelona","Real Betis Yth.","Spain"
"100","Benjamin Sesko","https://www.transfermarkt.com/benjamin-sesko/profil/spieler/627442","€50.00m","Slovenia","Attack - Centre-Forward","right","RB Leipzig","NK Krsko U17","Slovenia"
"101","João Pedro","https://www.transfermarkt.com/joao-pedro/profil/spieler/626724","€50.00m","Brazil","Attack - Centre-Forward","right","Brighton & Hove Albion","Fluminense U17","Brazil"
"102","Castello Lukeba","https://www.transfermarkt.com/castello-lukeba/profil/spieler/618472","€50.00m","France","Defender - Centre-Back","left","RB Leipzig","Ol. Lyon Yth.","France"
"103","Éderson","https://www.transfermarkt.com/ederson/profil/spieler/607854","€50.00m","Brazil","Midfield - Central Midfield","right","Atalanta BC","Desportivo U20","Brazil"
"104","Éderson","https://www.transfermarkt.com/ederson/profil/spieler/607854","€50.00m","Brazil","Midfield - Central Midfield","right","Atalanta BC","Desportivo U20","Brazil"
"105","Gonçalo Ramos","https://www.transfermarkt.com/goncalo-ramos/profil/spieler/550550","€50.00m","Portugal","Attack - Centre-Forward","right","Paris Saint-Germain","Olhanense CJ","Portugal"
"106","Álex Baena","https://www.transfermarkt.com/alex-baena/profil/spieler/548111","€50.00m","Spain","Attack - Left Winger","right","Villarreal CF","Villarreal Yth.","Spain"
"107","Mohammed Kudus","https://www.transfermarkt.com/mohammed-kudus/profil/spieler/543499","€50.00m","Ghana","Attack - Right Winger","left","West Ham United","Right to Dream","Ghana"
"108","Matheus Cunha","https://www.transfermarkt.com/matheus-cunha/profil/spieler/517894","€50.00m","Brazil","Attack - Centre-Forward","right","Wolverhampton Wanderers","Coritiba U20","Brazil"
"109","Conor Gallagher","https://www.transfermarkt.com/conor-gallagher/profil/spieler/488362","€50.00m","England","Midfield - Central Midfield","right","Atlético de Madrid","Chelsea Youth","England"
"110","Jeremie Frimpong","https://www.transfermarkt.com/jeremie-frimpong/profil/spieler/484547","€50.00m","Netherlands","Midfield - Right Midfield","right","Bayer 04 Leverkusen","Man City Youth","England"
"111","Lisandro Martínez","https://www.transfermarkt.com/lisandro-martinez/profil/spieler/480762","€50.00m","Argentina","Defender - Centre-Back","left","Manchester United","Newell's U20","Argentina"
"112","Manuel Ugarte","https://www.transfermarkt.com/manuel-ugarte/profil/spieler/476701","€50.00m","Uruguay","Midfield - Defensive Midfield","right","Manchester United","CA Fénix U19","Uruguay"
"113","Brennan Johnson","https://www.transfermarkt.com/brennan-johnson/profil/spieler/470607","€50.00m","Wales","Attack - Right Winger","right","Tottenham Hotspur","Nottingham U18","England"
"114","Tijjani Reijnders","https://www.transfermarkt.com/tijjani-reijnders/profil/spieler/460939","€50.00m","Netherlands","Midfield - Central Midfield","right","AC Milan","PEC Youth","Netherlands"
"115","Alphonso Davies","https://www.transfermarkt.com/alphonso-davies/profil/spieler/424204","€50.00m","Canada","Defender - Left-Back","left","Bayern Munich","Whitecaps Res","Canada"
"116","Bryan Mbeumo","https://www.transfermarkt.com/bryan-mbeumo/profil/spieler/413039","€50.00m","Cameroon","Attack - Right Winger","left","Brentford FC","Troyes U19","France"
"117","Takefusa Kubo","https://www.transfermarkt.com/takefusa-kubo/profil/spieler/405398","€50.00m","Japan","Attack - Right Winger","left","Real Sociedad","Frontale Jgd.","Japan"
"118","Teun Koopmeiners","https://www.transfermarkt.com/teun-koopmeiners/profil/spieler/360518","€50.00m","Netherlands","Midfield - Attacking Midfield","left","Juventus FC","AZ Alkmaar Yout","Netherlands"
"119","Ibrahima Konaté","https://www.transfermarkt.com/ibrahima-konate/profil/spieler/357119","€50.00m","France","Defender - Centre-Back","right","Liverpool FC","Paris FC Yth.","France"
"120","Dayot Upamecano","https://www.transfermarkt.com/dayot-upamecano/profil/spieler/344695","€50.00m","France","Defender - Centre-Back","right","Bayern Munich","VAFC U19","France"
"121","Christopher Nkunku","https://www.transfermarkt.com/christopher-nkunku/profil/spieler/344381","€50.00m","France","Midfield - Attacking Midfield","right","Chelsea FC","PSG Youth","France"
"122","Diogo Jota","https://www.transfermarkt.com/diogo-jota/profil/spieler/340950","€50.00m","Portugal","Attack - Centre-Forward","right","Liverpool FC","Gondomar SC CJ","Portugal"
"123","Theo Hernández","https://www.transfermarkt.com/theo-hernandez/profil/spieler/339808","€50.00m","France","Defender - Left-Back","left","AC Milan","CF Rayo Majadaho","Spain"
"124","Christian Pulisic","https://www.transfermarkt.com/christian-pulisic/profil/spieler/315779","€50.00m","United","Attack - Right Winger","right","AC Milan","PA Classics","USA"
"125","Joshua Kimmich","https://www.transfermarkt.com/joshua-kimmich/profil/spieler/161056","€50.00m","Germany","Midfield - Defensive Midfield","right","Bayern Munich","Bösingen Yth.","Germany"
"126","Arda Güler","https://www.transfermarkt.com/arda-guler/profil/spieler/861410","€45.00m","Türkiye","Attack - Right Winger","left","Real Madrid","G.Birligi Yth","Türkiye"
"127","Kenan Yildiz","https://www.transfermarkt.com/kenan-yildiz/profil/spieler/845654","€45.00m","Türkiye","Attack - Left Winger","both","Juventus FC","SV Sallern Jgd.","Germany"
"128","Victor Boniface","https://www.transfermarkt.com/victor-boniface/profil/spieler/656681","€45.00m","Nigeria","Attack - Centre-Forward","right","Bayer 04 Leverkusen","Real Sapphire","Nigeria"
"129","Giorgio Scalvini","https://www.transfermarkt.com/giorgio-scalvini/profil/spieler/571604","€45.00m","Italy","Defender - Centre-Back","right","Atalanta BC","Brescia Youth","Italy"
"130","Pape Matar Sarr","https://www.transfermarkt.com/pape-matar-sarr/profil/spieler/568693","€45.00m","Senegal","Midfield - Central Midfield","right","Tottenham Hotspur","Génération Foot","Senegal"
"131","Destiny Udogie","https://www.transfermarkt.com/destiny-udogie/profil/spieler/556385","€45.00m","Italy","Defender - Left-Back","left","Tottenham Hotspur","Hellas Verona Y","Italy"
"132","Pedro Porro","https://www.transfermarkt.com/pedro-porro/profil/spieler/553875","€45.00m","Spain","Defender - Right-Back","right","Tottenham Hotspur","Rayo U19","Spain"
"133","Gonçalo Inácio","https://www.transfermarkt.com/goncalo-inacio/profil/spieler/549006","€45.00m","Portugal","Defender - Centre-Back","left","Sporting CP","Almada Yth.","Portugal"
"134","Jonathan David","https://www.transfermarkt.com/jonathan-david/profil/spieler/533738","€45.00m","Canada","Attack - Centre-Forward","both","LOSC Lille","Ottawa ISC","Canada"
"135","Kaoru Mitoma","https://www.transfermarkt.com/kaoru-mitoma/profil/spieler/504849","€45.00m","Japan","Attack - Left Winger","right","Brighton & Hove Albion","Frontale U18","Japan"
"136","Min-jae Kim","https://www.transfermarkt.com/min-jae-kim/profil/spieler/503482","€45.00m","Korea,","Defender - Centre-Back","right","Bayern Munich","Dooryong ES","Korea, South"
"137","Riccardo Calafiori","https://www.transfermarkt.com/riccardo-calafiori/profil/spieler/502821","€45.00m","Italy","Defender - Left-Back","left","Arsenal FC","AS Rom Youth","Italy"
"138","Giorgi Mamardashvili","https://www.transfermarkt.com/giorgi-mamardashvili/profil/spieler/502676","€45.00m","Georgia","Goalkeeper","left","Valencia CF","Gagra Acad.","Georgia"
"139","Morten Hjulmand","https://www.transfermarkt.com/morten-hjulmand/profil/spieler/461496","€45.00m","Denmark","Midfield - Defensive Midfield","right","Sporting CP","FCK Youth","Denmark"
"140","Douglas Luiz","https://www.transfermarkt.com/douglas-luiz/profil/spieler/447661","€45.00m","Brazil","Midfield - Central Midfield","right","Juventus FC","Vasco U17","Brazil"
"141","Curtis Jones","https://www.transfermarkt.com/curtis-jones/profil/spieler/433188","€45.00m","England","Midfield - Central Midfield","right","Liverpool FC","Liverpool Youth","England"
"142","Jurrien Timber","https://www.transfermarkt.com/jurrien-timber/profil/spieler/420243","€45.00m","Netherlands","Defender - Right-Back","right","Arsenal FC","Feyenoord Youth","Netherlands"
"143","Pau Torres","https://www.transfermarkt.com/pau-torres/profil/spieler/399776","€45.00m","Spain","Defender - Centre-Back","left","Aston Villa","Villarreal Yth.","Spain"
"144","Marc Guéhi","https://www.transfermarkt.com/marc-guehi/profil/spieler/392757","€45.00m","England","Defender - Centre-Back","right","Crystal Palace","Chelsea Youth","England"
"145","Alessandro Buongiorno","https://www.transfermarkt.com/alessandro-buongiorno/profil/spieler/386446","€45.00m","Italy","Defender - Centre-Back","left","SSC Napoli","Torino FC Youth","Italy"
"146","Gabriel Jesus","https://www.transfermarkt.com/gabriel-jesus/profil/spieler/363205","€45.00m","Brazil","Attack - Centre-Forward","right","Arsenal FC","Palmeiras U17","Brazil"
"147","Sven Botman","https://www.transfermarkt.com/sven-botman/profil/spieler/361093","€45.00m","Netherlands","Defender - Centre-Back","left","Newcastle United","Pancratius Yth.","Netherlands"
"148","Mikel Merino","https://www.transfermarkt.com/mikel-merino/profil/spieler/338424","€45.00m","Spain","Midfield - Central Midfield","left","Arsenal FC","CA Osasuna Yout","Spain"
"149","Matthijs de Ligt","https://www.transfermarkt.com/matthijs-de-ligt/profil/spieler/326031","€45.00m","Netherlands","Defender - Centre-Back","right","Manchester United","Abcoude Yth.","Netherlands"
"150","Jarrod Bowen","https://www.transfermarkt.com/jarrod-bowen/profil/spieler/314875","€45.00m","England","Attack - Right Winger","left","West Ham United","Hereford U19","England"
"151","Dominic Solanke","https://www.transfermarkt.com/dominic-solanke/profil/spieler/258889","€45.00m","England","Attack - Centre-Forward","right","Tottenham Hotspur","Chelsea Youth","England"
"152","Jack Grealish","https://www.transfermarkt.com/jack-grealish/profil/spieler/203460","€45.00m","England","Attack - Left Winger","right","Manchester City","A. Villa Yth.","England"
"153","Leroy Sané","https://www.transfermarkt.com/leroy-sane/profil/spieler/192565","€45.00m","Germany","Attack - Right Winger","left","Bayern Munich","Wattensch. Yth.","Germany"
"154","Jarrad Branthwaite","https://www.transfermarkt.com/jarrad-branthwaite/profil/spieler/661053","€42.00m","England","Defender - Centre-Back","left","Everton FC","Carlisle U18","England"
"155","Enzo Millot","https://www.transfermarkt.com/enzo-millot/profil/spieler/569366","€42.00m","France","Midfield - Attacking Midfield","left","VfB Stuttgart","Monaco Youth","France"
"156","Joshua Zirkzee","https://www.transfermarkt.com/joshua-zirkzee/profil/spieler/435648","€42.00m","Netherlands","Attack - Centre-Forward","right","Manchester United","Spartaan Yth.","Netherlands"
"157","Ousmane Diomande","https://www.transfermarkt.com/ousmane-diomande/profil/spieler/974982","€40.00m","Cote","Defender - Centre-Back","right","Sporting CP","OS Abobo","Ivory Coast"
"158","Pau Cubarsí","https://www.transfermarkt.com/pau-cubarsi/profil/spieler/962110","€40.00m","Spain","Defender - Centre-Back","right","FC Barcelona","Girona FC Youth","Spain"
"159","Désiré Doué","https://www.transfermarkt.com/desire-doue/profil/spieler/914562","€40.00m","France","Attack - Left Winger","right","Paris Saint-Germain","Rennes Jugend","France"
"160","Maghnes Akliouche","https://www.transfermarkt.com/maghnes-akliouche/profil/spieler/745200","€40.00m","France","Attack - Right Winger","left","AS Monaco","US Torcy Yth.","France"
"161","João Gomes","https://www.transfermarkt.com/joao-gomes/profil/spieler/735570","€40.00m","Brazil","Midfield - Central Midfield","right","Wolverhampton Wanderers","Flamengo U17","Brazil"
"162","Hugo Ekitiké","https://www.transfermarkt.com/hugo-ekitike/profil/spieler/709726","€40.00m","France","Attack - Centre-Forward","right","Eintracht Frankfurt","Reims Yth.","France"
"163","Rico Lewis","https://www.transfermarkt.com/rico-lewis/profil/spieler/701057","€40.00m","England","Defender - Right-Back","right","Manchester City","Man City Youth","England"
"164","Willian Pacho","https://www.transfermarkt.com/willian-pacho/profil/spieler/661171","€40.00m","Ecuador","Defender - Centre-Back","left","Paris Saint-Germain","IDV U20","Ecuador"
"165","Piero Hincapié","https://www.transfermarkt.com/piero-hincapie/profil/spieler/659813","€40.00m","Ecuador","Defender - Centre-Back","left","Bayer 04 Leverkusen","IDV U20","Ecuador"
"166","Jhon Durán","https://www.transfermarkt.com/jhon-duran/profil/spieler/649317","€40.00m","Colombia","Attack - Centre-Forward","left","Aston Villa","Envigado U20","Colombia"
"167","Evan Ferguson","https://www.transfermarkt.com/evan-ferguson/profil/spieler/648046","€40.00m","Ireland","Attack - Centre-Forward","right","Brighton & Hove Albion","St. Kevins Boys","Ireland"
"168","Alejandro Balde","https://www.transfermarkt.com/alejandro-balde/profil/spieler/636688","€40.00m","Spain","Defender - Left-Back","left","FC Barcelona","Barça Youth","Spain"
"169","Roméo Lavia","https://www.transfermarkt.com/romeo-lavia/profil/spieler/628451","€40.00m","Belgium","Midfield - Defensive Midfield","right","Chelsea FC","Anderlecht Yth.","Belgium"
"170","Matheus Nunes","https://www.transfermarkt.com/matheus-nunes/profil/spieler/601883","€40.00m","Portugal","Midfield - Central Midfield","right","Manchester City","Ericeirense","Portugal"
"171","Oihan Sancet","https://www.transfermarkt.com/oihan-sancet/profil/spieler/571020","€40.00m","Spain","Midfield - Attacking Midfield","right","Athletic Bilbao","CA Osasuna Yout","Spain"
"172","Johan Bakayoko","https://www.transfermarkt.com/johan-bakayoko/profil/spieler/565424","€40.00m","Belgium","Attack - Right Winger","left","PSV Eindhoven","OH Leuven Yth.","Belgium"
"173","Edmond Tapsoba","https://www.transfermarkt.com/edmond-tapsoba/profil/spieler/564545","€40.00m","Burkina","Defender - Centre-Back","right","Bayer 04 Leverkusen","Salitas","Burkina Faso"
"174","Noni Madueke","https://www.transfermarkt.com/noni-madueke/profil/spieler/503987","€40.00m","England","Attack - Right Winger","left","Chelsea FC","Tottenham Yth.","England"
"175","Morgan Rogers","https://www.transfermarkt.com/morgan-rogers/profil/spieler/503743","€40.00m","England","Midfield - Attacking Midfield","right","Aston Villa","West Brom Yth.","England"
"176","Andrea Cambiaso","https://www.transfermarkt.com/andrea-cambiaso/profil/spieler/459658","€40.00m","Italy","Defender - Left-Back","both","Juventus FC","Genoa U19","Italy"
"177","Lucas Paquetá","https://www.transfermarkt.com/lucas-paqueta/profil/spieler/444523","€40.00m","Brazil","Midfield - Attacking Midfield","left","West Ham United","Flamengo U20","Brazil"
"178","Morgan Gibbs-White","https://www.transfermarkt.com/morgan-gibbs-white/profil/spieler/429014","€40.00m","England","Midfield - Attacking Midfield","right","Nottingham Forest","Wolves Yth.","England"
"179","Exequiel Palacios","https://www.transfermarkt.com/exequiel-palacios/profil/spieler/401578","€40.00m","Argentina","Midfield - Central Midfield","right","Bayer 04 Leverkusen","River Plate U20","Argentina"
"180","Nico Schlotterbeck","https://www.transfermarkt.com/nico-schlotterbeck/profil/spieler/388198","€40.00m","Germany","Defender - Centre-Back","left","Borussia Dortmund","Weinstadt Yth.","Germany"
"181","Diogo Costa","https://www.transfermarkt.com/diogo-costa/profil/spieler/357153","€40.00m","Portugal","Goalkeeper","right","FC Porto","FC Porto Youth","Portugal"
"182","Diogo Dalot","https://www.transfermarkt.com/diogo-dalot/profil/spieler/357147","€40.00m","Portugal","Defender - Right-Back","right","Manchester United","FC Porto Youth","Portugal"
"183","Benjamin Pavard","https://www.transfermarkt.com/benjamin-pavard/profil/spieler/353366","€40.00m","France","Defender - Centre-Back","right","Inter Milan","LOSC Lille U19","France"
"184","Robin Le Normand","https://www.transfermarkt.com/robin-le-normand/profil/spieler/351809","€40.00m","Spain","Defender - Centre-Back","right","Atlético de Madrid","Stade Brest U19","France"
"185","Mikel Oyarzabal","https://www.transfermarkt.com/mikel-oyarzabal/profil/spieler/351478","€40.00m","Spain","Attack - Centre-Forward","left","Real Sociedad","SD Eibar Youth","Spain"
"186","Joelinton","https://www.transfermarkt.com/joelinton/profil/spieler/333241","€40.00m","Brazil","Midfield - Central Midfield","right","Newcastle United","Recife U17","Brazil"
"187","Scott McTominay","https://www.transfermarkt.com/scott-mctominay/profil/spieler/315969","€40.00m","Scotland","Midfield - Central Midfield","right","SSC Napoli","Man Utd Youth","England"
"188","Brahim Díaz","https://www.transfermarkt.com/brahim-diaz/profil/spieler/314678","€40.00m","Morocco","Attack - Right Winger","both","Real Madrid","Málaga CF Youth","Spain"
"189","Brais Méndez","https://www.transfermarkt.com/brais-mendez/profil/spieler/309110","€40.00m","Spain","Midfield - Attacking Midfield","left","Real Sociedad","Celta U19","Spain"
"190","Manuel Akanji","https://www.transfermarkt.com/manuel-akanji/profil/spieler/284730","€40.00m","Switzerland","Defender - Centre-Back","right","Manchester City","Winterthur U18","Switzerland"
"191","Serhou Guirassy","https://www.transfermarkt.com/serhou-guirassy/profil/spieler/270541","€40.00m","Guinea","Attack - Centre-Forward","right","Borussia Dortmund","J3 Amilly Jgd.","France"
"192","David Raya","https://www.transfermarkt.com/david-raya/profil/spieler/262749","€40.00m","Spain","Goalkeeper","right","Arsenal FC","Cornellà Youth","Spain"
"193","Gregor Kobel","https://www.transfermarkt.com/gregor-kobel/profil/spieler/257814","€40.00m","Switzerland","Goalkeeper","right","Borussia Dortmund","GC Zürich Jgd.","Switzerland"
"194","João Palhinha","https://www.transfermarkt.com/joao-palhinha/profil/spieler/257455","€40.00m","Portugal","Midfield - Defensive Midfield","right","Bayern Munich","Alta Lisboa S15","Portugal"
"195","Alejandro Grimaldo","https://www.transfermarkt.com/alejandro-grimaldo/profil/spieler/193082","€40.00m","Spain","Defender - Left-Back","left","Bayer 04 Leverkusen","Valencia CF You","Spain"
"196","Marquinhos","https://www.transfermarkt.com/marquinhos/profil/spieler/181767","€40.00m","Brazil","Defender - Centre-Back","right","Paris Saint-Germain","Corinthians B","Brazil"
"197","Hakan Çalhanoglu","https://www.transfermarkt.com/hakan-calhanoglu/profil/spieler/126414","€40.00m","Türkiye","Midfield - Defensive Midfield","right","Inter Milan","PSV Mannh. Yth.","Germany"
"198","Ilya Zabarnyi","https://www.transfermarkt.com/ilya-zabarnyi/profil/spieler/659089","€38.00m","Ukraine","Defender - Centre-Back","right","AFC Bournemouth","Dynamo Kyiv U17","Ukraine"
"199","António Silva","https://www.transfermarkt.com/antonio-silva/profil/spieler/650568","€38.00m","Portugal","Defender - Centre-Back","right","SL Benfica","Benfica U15","Portugal"
"200","Charles De Ketelaere","https://www.transfermarkt.com/charles-de-ketelaere/profil/spieler/435772","€38.00m","Belgium","Midfield - Attacking Midfield","left","Atalanta BC","Club Brugge Yth","Belgium"
"201","Sandro Tonali","https://www.transfermarkt.com/sandro-tonali/profil/spieler/397033","€38.00m","Italy","Midfield - Central Midfield","right","Newcastle United","Piacenza Youth","Italy"
"202","Boubacar Kamara","https://www.transfermarkt.com/boubacar-kamara/profil/spieler/394327","€38.00m","France","Midfield - Defensive Midfield","right","Aston Villa","Marseille Yth","France"
